{"cameraMode":{"drawMode":0,"name":"Shaded","section":"Shading Mode"},"sceneLighting":true,"audioPlay":false,"sceneViewState":{"showFog":true,"showMaterialUpdate":true,"showSkybox":true,"showFlares":true,"showImageEffects":true,"showParticleSystems":true},"in2DMode":false,"pivot":{"x":0.5246899724006653,"y":-0.010649528354406357,"z":1.7503877878189088},"rotation":{"x":0.35770100355148318,"y":-0.5629363656044006,"z":0.29414790868759158,"w":0.6845735311508179},"size":3.1330153942108156,"orthographic":false}